Fecha,Alambre,Alambre y derivados,Alambrón,Arrabio,Barras,Caliente,Carbón Mineral,Chatarra,"Cintas, Tiras y Flejes",Coque,Derivados de alambre,Ferroaleaciones,Fierro Esponja,Frío,Granallas y Polvos,HIERRO DE PRIMERA FUSIÓN,"Lingotes, Palanquillas, etc.",Lámina con Recubrimiento,Material Relaminable,Mineral de Hierro,PLANOS,Perfiles Comerciales formados en Caliente,Perfiles Estructurales (Caliente y Frío),Perfiles Inoxidables y Aleados,Planchón,Planos con Otros Recubiertos y Trabajos,Planos de Acero Aleado,Planos de Acero Inoxidable,Planos de Acero al Silicio,Rieles,TUBOS CON Y SIN COSTURA,Tubos c/Costura > 406.4 mm,Tubos c/Costura ≤ 406.4 mm,Tubos con Costura,Tubos sin Costura,Varilla Corrugada
2012-01,174085.34337198356,171911.03482698355,211396.30927899198,378650.2033305076,143692.6593176188,83703.2478862296,1238607.498147,527056.755448,580.9846199999997,208494.98103999998,-2174.308545,23600.269344333334,379744.4319928468,-3030.944611,3621.121123,758394.6353233544,-5982.079997000001,200827.92965391368,1585.9638,703658.985377,909321.4453277856,22285.253272174778,80672.30327522961,1826.937898,246078.13407292144,-5699.180881000001,71706.360771,40838.92654254046,17068.107611000003,8172.3337200000005,139305.0061353196,53160.57710753981,32728.62095553981,85889.19806307962,53415.80807223998,284966.4206736357
2012-02,149058.52137269982,146475.3813196998,155039.53980703672,413296.0159656081,117447.83960203205,72668.55206100112,1922942.1923629998,578663.56666,615.9925420000002,185862.1734,-2583.140053000001,20688.68029533333,309371.233407947,-4403.8610739999995,3177.3721029999997,722667.2493735552,-624.7604420000025,229896.3102358685,1696.615118,465396.50024100003,1065734.4128595898,24477.446122192705,68264.69098700111,2202.132017,266921.5000922017,-16369.615969999999,93181.799286,42839.727600386075,18682.595472,1233.0710000000001,90049.44891187301,42525.69333901027,27495.033624010277,70020.72696302054,20028.72194885247,262093.71166535516
2012-03,176754.6898369727,172412.65348297273,174304.30043700326,456867.0024979609,104268.58701999138,64911.50000524355,1916257.926208,623630.20222,658.6344969999998,256325.131173,-4342.036354,21216.068594333334,526288.1051733197,-2238.0990229999998,3922.151905,983155.1076712806,1096.364913999998,259519.03069881143,2463.127379,563902.750901,1081389.9930566754,26505.828149253884,62673.40098224355,2121.1319240000003,249652.60507299367,-1179.9585230000002,90669.96583799999,44076.30411870459,15262.523583999999,2135.913,91075.37194773955,37667.179393975355,24261.44871811533,61928.628112090686,29146.743835648864,230539.28343634366
2012-04,172214.0923698512,169208.5392498512,196546.52195290264,445089.5854001327,127875.29343433915,59966.05368059014,1547693.584851,564333.2166739999,732.2805380000001,196718.511214,-3005.5531199999978,21791.43488533333,522694.6926380894,-2582.0633390000003,3415.2101879999996,967784.2780382221,5880.516526999996,152818.47455105273,2778.45388,761169.030593,1055669.731013544,31165.947962468563,57383.990341590135,744.3698999999999,222939.123308895,-6830.525989999999,83021.31549899999,39889.52994931627,16667.330821,16884.486,105644.39981525738,32122.25212156044,24930.31385756044,57052.565979120875,48591.8338361365,231182.61899645306
2012-05,175401.46208829113,171266.29144729115,162449.6232077668,342971.7697403591,134190.19653593205,67928.92526614491,2105668.2361640004,585253.6953329999,-540.673918,205871.361612,-4135.170641000001,21907.022310333334,479065.59216038254,-3034.0846169999995,4525.560144,822037.3619007417,-19324.945740000003,276903.9599673435,2271.219717,726302.733162,1114249.3359331228,26119.126534460025,64894.84064914491,1468.422478,242832.2314995348,-3891.6695519999994,106830.96301699999,46402.43784094564,16455.158635,3802.7065,111334.48087797093,32993.990324731036,33304.51875473105,66298.50907946209,45035.97179850884,256490.49143560953
2012-06,150367.49296979577,149326.98489879575,151086.57711579718,215954.25580008895,114955.89749868149,58621.24702489085,1953338.2739980002,636160.019256,-953.2609099999997,195937.74719800003,-1040.508071000001,16917.940082333334,526896.7594975655,-667.3453640000002,3585.272419,742851.0152976544,-23649.713852000004,241442.53247386348,2950.088711,142730.43250899995,1036167.1548422484,27341.508879453533,57953.90166089084,1268.394618,203491.71147154982,-1122.989195,99939.44067699999,50321.20393195287,19641.390319000002,1309.509,131132.43247291975,44748.712631616116,39140.7516876161,83889.46431923221,47242.96815368754,288145.33082021365
2012-07,159869.11739989833,157280.20753103832,187213.67581222017,413160.7344273761,131002.86570674043,78189.44282235907,1912156.7596540002,591047.265109,-479.7130299999999,234972.92991900002,-2588.909868859996,21729.74163733333,457854.3566399329,-1613.4857950000005,3073.574015,871015.091067309,-5710.544252,235112.11386060406,2876.403539,635445.286056,1063902.89441296,29667.448669094436,76575.95702735908,1533.184341,275620.96460968466,-5480.537176000001,105201.39609,45507.39468123533,17606.450015000002,3693.404,116191.73165073936,46084.40969819876,38696.18786919875,84780.59756739752,31411.13408334183,281589.58917129686
2012-08,158846.07712742724,156699.02933485724,194067.51807583604,406977.31357021077,120741.87086365705,70036.29580993949,1615474.574976,691119.720693,1704.6536270000006,208065.076186,-2147.047792569998,17096.65117833333,521113.1153414814,-1720.1116389999993,4050.3571310000007,928090.4289116922,10097.856710999999,280476.4958873334,2120.311525,215487.20097699994,1138664.2930268694,21535.09263420428,68316.1841709395,2729.883181,207428.94481974782,-3693.099373000001,118887.78136200002,51578.46514344944,15746.221267,5125.534,140866.08834560134,57196.45046209006,42514.517587090064,99710.96804918013,41155.1202964212,261473.568240254
2012-09,177054.98709077592,175583.63199677592,214228.505698427,430146.9136594305,108971.77219821233,68625.23183175376,1341195.765007,573676.638569,73.92278399999987,193258.830579,-1471.3550939999996,18390.774369333332,497321.35442412534,-824.6959539999989,3610.02557,927468.2680835559,2419.3891820000017,224766.85976066973,3426.227697,490802.3860429999,1003898.9670295119,22653.135782753754,67800.53587775378,1160.312319,261575.19423869977,-9324.790603000001,86953.926001,41556.76256651171,13994.186999,5027.762000000001,169360.3885701727,61113.233486763405,54847.09175276344,115960.32523952684,53400.06333064588,267380.63932081684
2012-10,147421.28196867154,145846.57194967152,188620.8922412094,409358.8054097701,129100.62386017396,75633.39393932703,2126356.972165,633141.788726,-373.756122,242433.140426,-1574.710019000002,20202.55006733333,471394.02752812597,264.7607680000028,3977.743699,880752.832937896,9276.004938,245808.21662897783,2760.354,295578.7918659999,1080313.7249383666,18810.849023244,75898.15470732705,603.710022,191452.6667783021,-2456.5848350000006,86841.70322900002,46960.62225076507,15153.073472000004,4335.948,148749.18110938973,48845.061782021025,51697.15095502098,100542.212737042,48206.96837234772,288914.6319844108
2012-11,162409.9664743186,161436.68470931856,193339.62741996816,407581.8073903699,121136.46384491662,80601.42973267264,1777456.3137669999,590713.061951,678.2218700000003,188078.731209,-973.281764999997,21137.747745333334,485157.59405147267,-180.1748439999992,3759.43588,892739.4014418426,-1225.3837670000003,233369.68758743652,2262.27,-100438.27109300008,1074365.8050064547,19045.605415238053,80421.25488867264,2545.984511,196910.95837937656,-1870.2853529999993,71953.075317,49118.829600458455,16419.960757000004,3651.4339999999997,110033.99973655396,40154.320118404874,43292.94045740487,83447.26057580975,26586.73916074421,260872.56396530123
2012-12,165350.5523003148,161359.52607731477,185882.29326582068,455207.9850021852,98830.95703670438,57223.843130847854,1419456.783418,654153.2526219999,547.1415179999998,239762.938254,-3991.0262230000044,22193.50438633333,539200.2142447109,-4918.067517999999,2559.184486,994408.1992468961,-42390.750073999996,212554.142597125,1096.890473,111471.796813,978506.3919312176,14924.64543849,52305.77561284785,3491.94257,199331.68571309256,-8888.087474,91394.90290599997,34373.77952573406,11328.401437,14283.051,138884.8503786028,50542.13343608888,43600.76439208891,94142.89782817778,44741.952550425005,205878.38744231302
2013-01,163434.38722013362,161938.02748813358,203237.5749744169,452138.58954455156,57455.628787000016,64695.91903356899,1439886.102265,620054.540028,-1146.408372,191267.81226500002,-1496.359732,25500.287115333333,554103.9091651996,-2808.258147,3942.559545,1006242.4987097512,11027.322725000002,268728.06498154777,1195.823,615621.6067530001,1051748.3754266698,18099.793449332,61887.66088656899,2447.426301,272915.36237499997,13282.733366966439,103214.53731300002,59929.78729296643,15687.764012000003,7308.090091,155824.93483595992,51493.49436379486,51756.89365379486,103250.38801758972,52574.54681837022,282082.8282855275
2013-02,142024.70120065723,139227.43807565724,191400.19453322663,414311.0710053648,100757.59930399999,57637.85103038201,1804516.683281,592489.704173,-193.19499599999995,222750.673974,-2797.2631249999995,20882.78724033333,471829.92265245534,-3505.5634850000006,3739.7561530000003,886140.9936578202,1666.8918890000023,263935.7555011303,2920.883,121225.76933299995,1051764.6840728002,10076.051547389,54132.287545382,2896.6834849999996,178259.387517,10969.986300700151,89959.496685,51561.44910670016,14996.304558,5904.421358,142945.16511981885,52020.012479943245,38509.07941394325,90529.09189388649,52416.07322593236,262512.8233228078
2013-03,143473.527596813,137962.57829881296,169704.78827200347,446019.1550219635,97445.27091499999,67802.71451596198,1420807.2737009998,617326.736321,651.456977,194490.997498,-5510.949297999997,21836.567577333335,553357.909287492,-3791.638758000001,3606.33318,999377.0643094556,15280.963367999999,272497.9652278712,2371.779,74708.10172099993,977749.5117645399,9097.156738767999,64011.075757962,3867.36868,268780.504747,13267.62068515951,70028.22362199999,36485.642462159514,7333.100189000001,7582.691849000001,137510.67318233446,50756.38003768021,42755.12305868021,93511.50309636042,43999.17008597404,235804.25500942057
2013-04,130318.616922352,123974.311936352,158023.49782763305,388311.04589185875,117230.974991,70098.375666907,2002016.19653,539037.956578,-107.62269899999978,194965.723361,-6344.304986000001,21497.702520333332,488314.0040656603,-4211.693503,4065.158959,876625.049957519,-26665.652871000006,289373.1399944248,1704.101336,-501038.19609999994,1047371.131191367,16095.466650411001,65886.682163907,2117.222722,199988.44342700002,12200.070466758769,94542.82999200004,58287.66208275877,20756.074375000004,11455.611168000001,126657.59566393579,47130.65448882319,32591.447271823185,79722.10176064637,46935.49390328941,242912.39280652805
2013-05,163232.24019214415,159136.40377714415,168141.69118930717,419882.8544582393,89891.563331,71465.479976024,2206895.44595,589752.840362,349.17582100000004,251428.258853,-4095.836414999998,26030.292776333332,486030.1222922915,-3159.569842,3906.453094,905912.9767505308,-25873.404006999997,283200.43840074056,979.010026,-351946.986471,1019931.3542685802,19974.705740598,68305.910134024,1267.859155,141331.133002,8980.933048983872,82703.33918899999,51962.40404098387,15429.485748000001,8031.771218999999,111251.95609837162,38393.82278161262,33783.9352546126,72177.75803622522,39074.1980621464,275684.9218864532
2013-06,144855.01756352975,140627.62486652975,168820.80953276998,317640.64768991363,91299.935798,50421.611304274,1491285.942241,516358.44277599995,-737.4405479999998,207203.644253,-4227.392697,15733.22578033333,498909.4182133689,-1848.3902799999994,3653.950989,816550.0659032825,-9701.383545,271489.86375933647,939.867,-267698.6796380001,896463.5699884761,16994.179985128,48573.221024274004,768.4631210000001,162198.175568,10064.303389254303,71438.08910599998,52727.3356992543,11139.870141000001,2777.472978,105927.92389170945,48026.168474153936,35918.54775415394,83944.71622830787,21983.207663401583,234899.56049273425
2013-07,144881.73953535256,142770.32119935256,163808.6363490517,463728.5612015024,102046.944686,60065.838012821005,1600119.974182,577071.338189,-67.91955999999982,204913.09905400002,-2111.4183360000006,19039.83979033333,551393.0300096165,-2914.7868220000005,4102.409659,1015121.591211119,-16230.241837,282276.2454414318,2032.859039,-170328.36638299993,995026.13977457,35726.73164676801,57151.051190820996,1190.573247,212472.95360999997,6780.546255992376,84442.07980900002,33777.54546499237,14394.143133,15587.208255,120145.14141293848,40137.8770468145,35070.84781681451,75208.724863629,44936.41654930948,237185.23718756132
2013-08,160656.55060289288,157929.18029889287,195947.00720735712,485107.0140561949,102146.070207,68471.225744276,1739464.747774,545254.582334,-851.8519610000003,249584.857304,-2727.370303999998,21304.868084333335,587272.910546523,-3271.2922900000003,3960.376772,1072379.924602718,-41266.13844,288219.1547390349,1539.933599,-22570.794618999935,1065567.99573881,39996.07374415,65199.933454276004,953.072717,257819.09924299998,7176.14181119547,82656.48309499999,47856.90753519547,14256.492247,2695.542973,129141.68872677436,64494.43089891616,45565.85016291616,110060.28106183233,19081.40766494203,264501.17493880214
2013-09,149388.45015289495,145967.79881989496,170680.04667903198,423074.45373563544,94401.059108,64658.352546851995,1562636.5697819998,653320.5403590001,1205.199619,205263.053861,-3420.6513330000025,21497.463427333332,476178.51978083106,-3884.217908,3443.858594,899252.9735164666,-50566.025725,270630.12318079633,914.677285,47049.386159999995,949486.2937693499,27914.309460186996,60774.13463885199,1263.5210609999997,236411.961507,13076.701009478318,64180.89619,41700.60378947832,13626.165116,8436.304346,118714.7473583846,51690.08216527511,39283.60360227512,90973.68576755023,27741.061590834383,249284.85202209005
2013-10,150769.98777871625,149823.41588071626,179417.5942517994,505664.7217684751,92356.33582999998,78964.602770016,1667562.664004,558319.1063560001,291.19751499999984,207425.748807,-946.5718979999983,21004.061713333333,525181.9369064108,-1670.4833019999999,5008.18392,1030846.658674886,530.663536,275269.98582892504,1603.398972,124888.88696299994,1125096.4942776698,38678.029460975995,77294.11946801601,1489.3394530000003,273657.891755,15063.666313597954,93558.03265000001,48391.888848597955,14407.76397,16166.116208,147727.71069849742,60441.16577041586,46903.46568641587,107344.63145683173,40383.0792416657,210506.9668880789
2013-11,129351.15556227017,128879.83623727017,155737.1793563785,422491.9670844414,102528.93017699999,67776.251030946,1971934.65374,598743.547367,182.77351899999985,215417.641962,-471.31932499999857,25054.56124033333,508139.9318808746,2339.2152599999995,4383.749722,930631.898965316,-34919.058621,266767.6240852583,2604.72362,181503.74583300005,990056.8665857099,26944.354005338,70115.466290946,1968.034434,211885.06028,18794.44729562846,66356.00694199998,55932.73124162846,15953.544268999998,11463.792253,129663.37350481215,52136.957009110825,36939.82185511082,89076.77886422165,40586.5946405905,214634.14217808863
2013-12,112974.58324824355,109556.42680624356,141142.89015002403,454503.83648585906,90649.293445,70234.492986971,1647668.042805,530190.625953,282.33107399999994,246906.495627,-3418.1564419999995,22993.82365933333,508612.251525276,11630.028610000001,4153.919371,963116.0880111351,-21286.079953999997,320847.74257849244,1934.242,-645374.8829269999,1226107.91040845,30304.116143954998,81864.521596971,1645.9283769999997,178197.43125,11684.850673284374,84838.63488400003,40242.96719328438,11194.347917000001,2498.8973739999997,97559.10930546299,52441.55918845951,28893.656816459516,81335.21600491903,16223.893300543961,218140.83389690748
2014-01,144127.06921400002,151332.26762600002,179725.78292199998,512789.20008000004,100510.127731,71378.37224200001,1921241.6821319999,603324.101946,-282.1213970000001,234582.102402,7205.198412,21425.752857,554447.1608,-1726.0536840000002,4382.575139000001,1067236.36088,-27438.018406,276262.372068,1791.5034,780148.95003,1038311.96896731,35606.393887,69652.31855800001,1395.626747,300092.702705,-12428.342723,78789.605151,57497.065745,11354.946202000001,5123.7462860000005,150333.743024,63407.203868000004,39400.337165,102807.541033,47526.201990999994,290427.867695
2014-02,165186.558567,160659.068537,188550.21349300002,448579.3343,104156.06477099999,74353.731754,1498636.536281,617454.185719,-1392.9589549999998,198521.093435,-4527.490030000004,24773.549345,522112.9489,-1635.4099110000002,3776.0366220000024,970692.2832,-14191.767262,277134.4218349999,3459.925821,372234.05777500005,1086154.575698,36583.323775,72718.321843,1159.8907420000003,197087.40300299998,-4761.9838500000005,79928.103483,46684.10079,10833.632425,2012.510546,161821.726897,81836.440862,34360.563529,116197.004391,45624.722506000006,198193.600369
2014-03,171472.966791,166834.29077000002,195162.090923,461976.27176,111307.894592,74717.708724,1655952.820999,659793.0525489999,434.2943429999998,269657.025327,-4638.676021000001,20807.962094000002,538986.814596,3383.3234549999997,4650.564801000002,1000963.086356,-33523.80246,301907.466612,5289.383924,-220102.661312,1179849.6743394902,37975.917852,78101.032179,1134.6570769999998,323589.18033999996,-15128.742481000001,86337.93813899999,57548.722895000006,12143.09636,3457.787051,147136.152516,53037.561665999994,39543.708623,92581.270289,54554.882227,247708.68193099997
2014-04,166246.75568499998,161478.55504099999,189964.31294099998,429971.82040699996,104166.13315799998,60082.33371199999,1976933.5556559998,689814.052252,1496.567988,209910.292918,-4768.200644,26612.555261999998,489489.366198,-2277.582663,4807.1064,919461.1866049999,15646.193315999999,292927.68074,2206.632417,371439.22348600003,1183116.33064836,35098.654284000004,57804.751049000006,993.750307,303906.21281,-9329.546261,77884.59915000001,53543.169269,17170.315069,5235.252157,139963.299865,73874.316846,38530.673845,112404.990691,27558.309173999995,275392.856308
2014-05,175301.11962099996,171042.85065999997,220148.03779299997,466610.95898,116178.943988,75535.49846200002,1723055.903823,691998.137737,-552.9218549999998,208819.94066599998,-4258.268961,24782.158658,515125.7693,-2361.204176,4466.021076000002,981736.7282799999,6809.154913,322279.99451900006,2783.634359,685554.90579,1308305.59982854,21116.614405,73174.29428600002,281.42199400000004,312557.766347,-7581.738807999998,108994.832308,59341.502468,13442.982307999999,1109.50038,117192.58744600003,78210.16176100001,47386.7969,125596.95866100001,-8404.371214999977,266889.6449000001
2014-06,149535.321395,145051.34577,193717.151184,441600.11544,102691.164518,70588.783221,1692434.651957,567045.869095,-2053.1849469999993,262284.906393,-4483.975625,23712.497371,501019.5112,-2509.8655889999995,4442.787928000001,942619.62664,4477.136810999997,308331.473043,2216.490343,647348.623636,1185055.86236432,29815.744427,68078.917632,541.407465,226495.282244,-12448.769764,105729.73461800002,58746.798148,11111.794036,5303.810947,102822.68403399998,49309.637317,29118.559111999995,78428.196429,24394.487604999973,283580.173855
2014-07,161817.434432,158610.26413199998,225293.676331,433879.5733,116886.29391800001,58899.010924,1917424.313551,588205.9734090001,-1853.053056,207912.249938,-3207.1703000000007,29660.046995,474218.9753,-4305.5169780000015,4864.513377000002,908098.5486,12620.872432,327743.003039,2513.48,681995.445174,1208434.9350578699,19614.533074,54593.493946,1017.970271,237431.73486000003,-9218.145874999997,101588.52969299999,53941.006906999995,19763.119691999997,6327.849698000001,129719.43994100002,55859.344336,37067.39159400001,92926.73593000001,36792.70401100001,289095.924022
2014-08,148327.903413,145334.27601099998,195780.10549000002,465253.63496000005,117210.073154,84160.35827499999,1517036.318672,628745.830062,493.6076840000002,200183.449471,-2993.627402,25920.361952,551510.319399,-2875.8341490000003,4106.825824000002,1016763.9543590001,323.0893200000028,337782.14629099995,2253.613,794930.6825390001,1337426.3523761197,23618.337256,81284.52412599999,690.74152,266471.755876,-3945.695232000002,156313.77892999997,46584.508369,16444.746574,5379.180493,145014.649843,66090.764398,40891.47552499999,106982.23992299999,38032.40992000002,250485.449048
2014-09,143559.875761,141771.56296799998,170561.580807,459814.62893500004,126426.82065000001,60068.645372000006,1618125.897557,633472.5532569999,853.061741,256698.1791,-1788.312793000001,26159.727977,522152.70629999996,-4220.814455,4741.317680000003,981967.335235,8082.885997000001,315965.55063899996,588.669193,795670.23213,1155455.01694982,28229.766091,55847.830917,1076.035178,271137.766132,-1270.0048229999993,109613.033201,50770.745775,18252.938731,6409.05466,115759.31939700003,52178.94820800001,34308.246683000005,86487.19489100002,29272.124506000007,276490.46822599997
2014-10,158847.669696,156408.52227000002,195984.239641,447976.70188,105166.401692,60715.287636999994,1974527.8655479997,639068.0216570001,74.59805499999993,227465.646624,-2439.147425999997,27710.278121000003,491616.58509,-2891.490589,5407.123949000003,939593.28697,-1085.0323849999986,322414.900198,850.838,753990.5052710001,1291806.5507811701,18720.904336,57823.79704799999,1395.861893,296512.340358,-3916.565209000002,121299.49771499999,55175.03620899999,19917.397072,7573.754026,138325.203927,49097.9552,42614.164808,91712.120008,46613.083919,264164.775741
2014-11,114399.15521900001,112325.93554,130209.55728000001,413882.18611999997,111458.74702500002,66861.600917,1723292.2578939998,654969.373352,109.07312200000001,241850.857823,-2073.2196790000007,22733.067648,495275.5466,-3290.121317,4450.529780999999,909157.73272,905.0694830000007,324128.009936,1306.497427,732503.02308,1253065.7202321899,27870.572693000002,63571.479600000006,1321.77566,248219.74704299998,2001.9724840000008,87043.479798,52798.898333000005,17860.371243,14482.386073,140844.82103400002,54753.21812500001,43802.715007000006,98555.933132,42288.88790200001,224106.07200100005
2014-12,155250.713401,153000.802731,182840.787649,453832.01674,106301.40436599999,57659.594186999995,1494995.7039410002,645342.517856,-69.98420099999976,212423.290096,-2249.910670000001,20871.742042,481266.1175,-5289.738969999999,4249.697494000002,935098.13424,7741.5489130000005,318733.458898,3031.8389779999998,762329.6572410001,1212918.7430298503,24355.459488,52369.855217000004,1756.809655,261446.91469,-1738.516292000002,124743.82405300002,44280.35006199999,19349.781011000003,9056.391115999999,129606.208578,66344.389816,44591.428220999995,110935.81803699999,18670.390541000015,276127.786726
2015-01,140308.26746899998,138611.952719,185873.113114,415935.89334,117560.524856,81069.38546399998,1497523.79368,549595.2299746666,743.416536,201856.027747,-1696.3147499999986,21517.283682,524307.0,-1487.53332,4653.150269000001,940242.89334,7673.024507000002,305743.15617567004,1130.6173800000001,834566.444098,1208918.49352867,37183.256519999995,79581.85214399997,1720.649864,263152.65708199993,-13057.561521,96933.66938999998,62870.898358000006,17412.500945999996,4568.577029,131086.81424700003,72969.11782700001,48106.52738800001,121075.64521500003,10011.16903200002,322901.13711899996
2015-02,168540.188528,164200.24586999998,254399.34508300002,426333.63178,106947.64657,64999.424425,1024691.3437549999,614606.7738826667,-988.0478409999997,237533.183042,-4339.942657999999,18076.004458,520528.976,-3326.503102,4274.272953000001,946862.60778,6756.319775999999,312798.05509467,1209.258,583762.408013,1231221.19712667,38249.669636000006,61672.921322999995,1331.381786,263095.127936,-7331.313157999999,97012.03160000003,51433.023739,17871.140625,6214.684327,153940.345065,77414.841233,53421.245861999996,130836.087095,23104.25796999999,307774.454585
2015-03,148267.213435,155470.11822200002,180551.329709,484016.36296,119731.537762,80474.92854800001,1379451.635662,642516.2473796667,662.22059,257247.295406,7202.904787000001,24083.3063,458751.020371,-973.7184410000009,4763.629109,942767.383331,7916.872649,359395.41331567,2361.958,775210.610432,1352247.15732867,38239.228148,79501.21010699999,1467.1738500000001,257423.60548300005,2397.4702640000005,101616.935093,59651.59996099999,15653.7371,4288.8973559999995,172741.03097500003,91914.028688,57345.121521,149259.150209,23481.880766000017,316506.435639
2015-04,161178.37961499998,158135.03379199997,221391.090187,426548.94899999996,103353.43242,104253.32352199999,1101287.767458,634014.2153696667,-76.28428600000007,194441.780487,-3043.3458230000015,22982.521688,431249.031442,-2843.087466,5420.814508,857797.980442,5996.591076999999,378568.28151567007,4539.042615,819328.552486,1308424.91760467,41077.537640999995,101410.236056,3471.725993,302648.982045,259.3538040000012,129386.981021,53379.41850200001,23101.185335,18857.25323,133256.346221,59144.280156,55197.486134000006,114341.76629,18914.579931000007,295696.721389
2015-05,162259.809943,154718.013818,193011.480901,501950.776621,110042.63656200003,110774.55091300003,1064799.001775,586992.3742906667,-389.4964900000002,260175.742244,-7541.796124999999,14075.39501,461093.0,-3563.1832050000003,5101.235339,963043.776621,8296.479760999999,346036.01160867006,2871.2129999999997,798354.55475,1339594.17102267,48178.350164999996,107211.36770800003,1918.2305690000003,282093.818611,-1222.8736909999998,135737.678988,52883.987187000006,17046.610504999997,2523.850569,139301.134217,66080.343301,50029.998104000006,116110.34140500001,23190.792811999992,314736.188997
2015-06,146888.744106,142915.79851599998,177041.525352,441314.785187,107151.99090100001,114356.540811,1147155.88354,567131.0484356667,-249.9444040000003,195726.695194,-3972.9455899999994,18088.209673999998,479004.0,-1728.591335,5328.786794,920318.785187,4369.769149000001,357648.4403146701,3951.437,724050.982552,1328811.83361867,37038.726181,112627.949476,3789.455444,261440.49900200003,-2669.6709459999984,119010.22174699997,48036.182054000004,27968.353418000002,4234.130344,165077.47984400002,76333.94568100001,57290.173753999996,133624.119435,31453.360409000008,281221.863716
2015-07,129237.19265299999,126469.08525599999,144395.87619600003,358889.061201,112788.778011,108174.067005,1208357.933349,592498.9472596666,-126.22684100000015,184871.151351,-2768.1073970000007,19560.176449000002,595780.0005,-3479.2296029999998,5242.646301,954669.061701,2149.585151999998,352844.06132567,2288.356,877811.08334,1267957.18544067,42345.758299,104694.837402,3108.6282759999995,251998.304367,-4068.7736540000005,110230.12791499999,53780.34055,20447.427915,4839.755861000001,192873.78034,85539.38355700001,63137.354810000004,148676.738367,44197.041973,292735.07063
2015-08,133661.401874,131698.29858400003,201487.735732,379316.88269,111384.995453,95753.611271,1001754.6594690001,617343.3090626667,60.80445299999997,182508.064687,-1963.103289999999,16542.321724999998,591617.0,-3812.6266290000003,4754.804726,970933.88269,9576.120366000001,352173.80480467004,2948.582,741764.43032,1306852.25358267,36489.816943,91940.984642,629.929669,355648.741298,3349.3546289999995,138872.05685799997,42492.395047,20751.931685,14976.87735,125090.91810100002,47012.201259,56644.49373400001,103656.69499300001,21434.223108000013,312241.875066
2015-09,161480.971348,159961.83739,198784.769187,403157.66058,104920.23542800001,99151.09079900001,1334791.7633960003,646377.9520976666,-248.22123799999963,178709.99467999997,-1519.1339579999994,22408.998292,563453.0,-3346.1511219999998,4834.31719,966610.66058,1383.2411219999985,339652.86054767005,3404.379,846765.661538,1323934.25414567,30823.099752000002,95804.939677,778.816839,272007.598713,-3476.507168,173017.5188,51278.263316,23693.297392,3732.228167,117590.96526600001,43881.15676,42230.892639,86112.049399,31478.91586700001,339780.11319999996
2015-10,168754.68375099998,165108.69714799998,222494.223343,334503.162024,103302.50897699999,52168.10922,1427208.3420300002,634061.6667346667,100.26908400000002,235737.091726,-3645.9866029999994,16926.840633,356753.97,-3705.3223770000004,4380.8074719999995,691257.1320239999,4965.028136999999,345007.01415267005,5600.845532,798621.8559580001,1236136.1731976701,40664.064013,48462.786843,1581.1759740000002,135366.943534,9672.021015,94229.06351299997,55114.233601,17230.400433000003,1216.465116,130511.167735,49770.243061,57159.75096500001,106929.994026,23581.173708999995,288482.01391100005
2015-11,162837.636998,159760.67732999998,203559.002327,384469.29442,100688.47334200001,61914.51570299999,1334941.0473079998,635988.4613336667,531.5305830000002,168971.687454,-3076.9596679999995,20976.313792,339424.000893,-4042.7182869999997,4247.771678000001,723893.295313,9495.788756999998,317229.10130567,2447.621108,497128.249129,1152618.96488067,43483.24337,57871.797416,1022.4363769999999,183190.37241300003,3276.73168,95895.05429400002,56958.20113599999,19457.861431,4344.932804,108131.88822599998,51803.132596,50103.38522899999,101906.51782499999,6225.370400999993,302271.159276
2015-12,136506.054241,133213.27053399998,165095.758123,534190.1295779999,109627.82204600002,87150.28196200001,1405383.9286449999,654766.5434166667,-975.6515709999996,179539.34268,-3292.7837070000005,21194.367124,365991.40005,-4495.483009999999,4336.463702,900181.529628,12402.433705,300593.30410867,2649.51,609924.528068,1189213.76093967,21557.343687,82654.798952,1747.779947,504645.884999,-3459.0809819999995,93924.634731,47874.539736000006,15218.778197999998,5800.808138,188202.311675,70002.270997,73864.926175,143867.19717200001,44335.11450299998,255435.598937
2016-01,149405.345849,149002.32525,184302.815374,391330.078525,96954.198162,85221.958188,1692556.531652,602603.7236945555,844.458164,201008.11375,-403.0205990000004,20956.87352666667,390769.511,-2671.3182359999996,4299.148072000001,782099.589525,-1209.8243810000004,325127.821198,3512.956815,597346.282875,1311081.2109349999,28325.162266000003,82550.639952,3051.9725700000004,312706.874856,-10732.027568999998,110691.47713799999,56235.140018000006,18733.763776,4030.2417750000004,78212.65640200002,29805.338370999998,35985.33164000001,65790.67001100001,12421.986391000006,310012.285187
2016-02,162024.660046,159132.667727,202877.337858,374651.48842,108455.294041,69776.568174,1691331.470282,559890.0001635555,185.58569799999998,208270.514001,-2891.992318999997,17970.44867266667,421235.05,-6821.189732999999,4336.692192,795886.53842,10414.702297999998,362143.14426300005,1908.158,791962.06218,1168603.526344,27996.211927,62955.37844099999,1415.072839,339972.463077,-8846.178017999999,96250.19696300001,47216.788407,12986.458789,2631.438697,99707.47548800003,38139.762496999996,45109.84058800001,83249.60308500001,16457.87240300001,331941.71469
2016-03,154605.46765399998,149936.37655,196862.13691099998,343294.41448800004,130199.83219300004,73538.650261,1049076.925239,631295.5748305555,795.1645390000001,210776.12781099998,-4669.091104,18882.50016266667,372514.0,-5786.058010999999,4188.291905,715808.4144880001,12652.634868,359960.851256,4244.19998,615344.527246,1308509.236932,38633.199628999995,67752.59225,7756.9605950000005,322995.622394,-6374.098927000001,117199.30185599999,50573.829738,16899.794197,6253.122557,108776.39731199999,34619.332698,42924.749285,77544.081983,31232.315328999997,288154.647448
2016-04,157105.57474900002,152324.166272,204902.001541,318534.91952,98751.25163099999,83684.78543300001,1334632.486864,557047.9192925554,698.159512,202355.504779,-4781.408476999998,20542.22267066667,491565.0025,-4824.992998000001,4490.094675,810099.9220199999,24472.754559999998,376685.745088,1665.821,916785.3530900001,1417098.868821,26411.748316999998,78859.79243500001,3346.9616840000003,251601.94793400003,-3192.8663589999996,143807.15811599998,62053.96527400001,18221.799124,2948.869575,86983.19978599998,32674.16661,34650.46249,67324.62909999999,19658.570686,345757.594094
2016-05,164073.329489,157815.48227299997,204669.762133,378880.587018,115427.783739,79676.522971,1520081.1866390002,633148.6944325555,374.98511599999995,166051.479196,-6257.847216000001,21967.586346666667,579906.56,-7373.580581,3891.190926,958787.147018,24539.112294000006,387338.490138,3992.338584,844136.383966,1280698.7844289995,35191.160914,72302.94239,2851.173,315868.90105499997,-915.2744700000003,116003.08021799999,66982.726422,9998.980673999999,2081.934803,103947.08689699999,49242.727562,37118.765037,86361.49259899999,17585.594297999996,318366.66208499996
2016-06,187008.87433499997,182849.133577,219389.797902,435716.466176,107150.592246,91065.6765815,1205457.853508,661548.1613045556,164.9205890000003,188806.163292,-4159.7407579999945,25989.658851666667,567645.00103,-6038.209566,4807.0515159999995,1003361.4672060001,6478.07989,338959.326549,3047.928,1222725.926875,1252705.9990849998,33581.456093,85027.4670155,4388.3344210000005,330076.19456,480.29473599999983,104435.72209800003,49012.20637200001,17574.168654000005,3523.48335,115152.23844800002,80557.787895,31376.594177000006,111934.38207200001,3217.856376000018,349822.86997
2016-07,188066.02496,185569.68189100001,233331.873856,488076.118103,109524.81359300001,82334.078905,1362893.345127,689147.5518265555,-317.592165,172692.7438,-2496.3430689999986,22601.799688666673,500816.545,-4281.291876000001,4968.749771000001,988892.663103,-8031.021729000001,352166.58799300005,1988.3632659999998,859548.863245,1289084.9946680001,38381.221121999995,78052.787029,1672.513288,207743.54733600002,2199.100538999999,126850.72987200001,56343.462938,14503.214726,6952.262645,100992.67739399997,44375.128061999996,39314.988234000004,83690.116296,17302.561097999984,353267.857197
2016-08,179075.977542,176193.29083299998,213559.40236900002,420286.120645,115527.535642,87512.700349,1462297.532976,690872.5798515555,350.09718299999986,209517.492224,-2882.6867090000032,26517.023007666667,552472.839,-3658.8583120000003,5323.137031,972758.959645,3482.385001999999,365809.333877,1685.276237,910680.263525,1368636.694812,34576.334924,83853.842037,4225.8557630000005,233997.360055,721.2468330000011,159272.85190599994,66444.41984300001,15048.330614999999,1573.303269,127968.87097500003,62885.211266000006,51811.599747000015,114696.81101300003,13272.059962,320583.376953
2016-09,172191.75916299998,182105.158638,212699.065847,473265.140703,117049.0396,101189.281335,1348275.026896,789276.1610335555,849.6246419999999,190600.829142,9913.399475000007,23524.91569966667,528529.45,-4848.964380000001,4679.197286,1001794.590703,3512.5975350000003,360766.198394,3515.6978329999997,1053478.146381,1321955.808991,34231.814782,96340.316955,5647.849112,275005.467376,-1555.5638929999986,93493.437049,57592.811585999996,19608.452131000002,3123.11339,165306.052227,91316.960625,54083.73886299999,145400.699488,19905.352738999987,309464.605445
2016-10,170578.83808,204603.884632,219266.004499,533646.03018,113928.08306400002,106534.83976799999,1538076.890173,631215.6166895555,-33.356702999999925,215031.63344099998,34025.046552,23607.431399666668,471867.002,-3552.431596,4134.346809000001,1005513.03218,9206.053616,389051.784621,2027.136,963979.7726810001,1317498.3387019997,35749.525200000004,102982.408172,6130.299444,351295.775503,-2200.565841999998,116584.96758899998,62656.580352,11773.199425,3538.259951,152486.74831400003,83006.64638500001,47036.356552000005,130043.00293700001,22443.745377,334400.358024
2016-11,155068.94348,151439.618555,199372.58438000001,455392.433901,112774.70723799999,105011.067855,985155.494176,618220.3727095554,-157.98074399999996,199177.24349199998,-3629.324924999998,19529.098037666667,543136.951485,-5334.8121360000005,4723.42134,998529.3853859999,7045.8945109999995,393072.47344299994,5378.374147,967909.5812339999,1483809.4298309998,33676.488710000005,99676.25571900001,6565.0767590000005,287235.284162,848.588796,190009.59414300002,59339.196096,15789.623366,9481.678274,126083.94118,61699.78672800001,51600.70231900001,113300.48904700001,12783.452132999984,331155.254239
2016-12,153256.8146702,149311.3124992,185892.00364399998,426231.364749,114473.281211,98846.478596,1222737.900048,698754.0586377556,1045.293627,312752.454503,-3945.5021709999974,24518.280632666665,434150.896,-4948.503712,4158.742233000001,860382.260749,2057.9076910000013,352660.42304379994,4127.712085,883529.666538,1247574.3747202998,27036.514507000004,93897.974884,3198.8089990000003,198089.370477,-1844.5501492000003,160534.94480599998,45650.325653999986,15233.265866000002,3805.085893,111724.54266649998,45812.876394000006,44050.5927875,89863.4691815,21861.073484999986,266357.34346
2017-01,182056.101506,178801.615376,226388.66126,381260.09278,106226.898271,96588.810296,1115811.623855,706248.7419246001,934.8688570000004,164517.194828,-3254.486130000001,18025.814867,554977.765,500.93935100000044,4384.517258,936237.85778,192514.237337,386623.034252,1078.02,955800.845574,1436597.5315092998,35606.061585,97089.749647,3787.331181,309056.95952499995,-5166.101511000001,198407.53439099996,67848.91561800001,10760.561619,10369.697781,129801.68229396698,51899.246634999996,57639.940546966995,109539.18718196699,20262.49511199999,299084.81476100005
2017-02,164566.5306434,161458.8618035,209152.922892,345838.93705999997,100728.89912850001,90031.936184,1469984.389857,628670.4716149999,493.0338580000001,188964.285245,-3107.6688399000004,22615.502403,522384.516,-5970.031432999999,4525.792752,868223.45306,184224.47930900002,366701.39739799994,355.16101,691776.88211,1230179.1471791998,35750.015726,84061.90475100001,5071.676904,317416.24595300003,1197.1615019999972,117820.94730639999,54257.26374449999,13063.024089,6080.534023,127344.39512956698,70693.46403209999,55280.251898867005,125973.715930967,1370.679198599988,307772.382
2017-03,177254.2150162,174154.78664940002,218410.364382,380044.624768,122326.63754889999,104350.4230325,1759775.101114,713940.5727235,993.1227355,262449.39688300004,-3099.428366799996,23062.1788905,637844.2202,-61.32876690000012,5094.171535,1017888.844968,227530.584816,413438.00211349997,2320.6839999999997,720995.426712,1474024.2199661003,47444.9304347,104289.0942656,2174.5987133999997,357273.18246100005,4698.5360034,182470.35275030002,65797.30573429998,14142.824607999999,1726.981187,229601.250389667,156739.6635161,50440.22903516701,207179.892551267,22421.3578384,338401.604139
2017-04,146599.9608239,146059.0902033,186091.71199009998,341285.61958500004,101800.74775410001,74123.5950909,1570396.618366,611653.3562006,1158.7683192999998,182180.605219,-540.8706205999988,23854.735346999998,544140.0785,-4607.030371599999,4382.8976085,885425.698085,170332.115039,379615.1505454,926.24,763253.426937,1417960.6715206,36273.2452769,69516.56471929999,2095.6323227999997,277379.094363,200.21407779999936,125780.16082280001,63402.84810250001,14458.529754799998,6261.462262,158796.483573167,88232.2828808,53882.86895036699,142115.151831167,16681.331741999995,302311.993509
2017-05,183839.9962139,179347.91639799997,217169.158422,371625.490476,119943.12742510001,95570.10401509999,1672370.627048,659941.1383685,-612.6549191999995,204814.029702,-4492.0798159000005,27709.1199385,599006.672,-6159.954727799999,6141.1831329999995,970632.162476,230236.208701,413485.2908524,3698.054813,761742.909004,1572882.3469649001,37811.61973390001,89410.14928730001,2235.4228759999996,417850.8749832,-5323.063969400002,215185.18963379998,61254.7692922,21286.1584218,9852.563404,210400.50740546698,136534.789723,57847.958647567,194382.748370567,16017.759034899995,330077.357294
2017-06,163034.3105759,160287.0285066,195632.6868342,431941.86063999997,123159.25574070003,104968.94248890001,1674274.423997,728289.7473155999,-450.3706929000002,193064.592224,-2747.2820692999994,20623.8408155,554386.417,-3998.3729220999994,5360.055742500001,986328.27764,215236.192649,373786.47252350004,1407.314,618388.723966,1510951.0354192,37162.0419641,100970.5695668,1741.6000213999998,220368.41164619997,-12743.859815999996,192280.24671089998,48763.6725764,19741.704473,3741.487969,204442.746884967,128592.89156409999,55420.904357067004,184013.795921167,20428.950963799987,334843.543551
2017-07,173636.74888658,169160.18051660998,224906.836323,392732.576047,118384.132373,66635.765439,1259612.693221,699406.636891,-512.5907427999998,219671.163625,-4476.5683699699985,28046.434710499998,545466.39,-4306.9220317,5027.293551,938198.966047,202881.236899,383766.40029170003,2281.2369,744260.9056820001,1431770.719234,36006.3085862,62328.843407299995,5327.1604614,322432.77411,408.13619910000125,181753.1503308,60555.193861700005,22143.513894,2202.3510266999997,127267.664949167,66994.68017169999,42702.429678867,109697.109850567,17570.555098599994,307333.850332
2017-08,168398.29041440002,165280.4432373,182516.7918292,344016.58506799996,124194.14280100001,82139.33306989999,1503087.2489064,658902.9789757,-86.46583349999992,194401.122956,-3117.8471770999977,29468.033271500004,542346.819,1945.6153201000025,6042.6595685,886363.4040679999,205785.236225,446729.2179433,3035.581528,768137.79398,1374414.5033726,41147.351216099996,84084.94839,262.6046476,362451.2385318,2935.1071195000004,146743.84044069998,64227.0524608,15964.401516000004,6109.947956,119084.72305906698,47211.1643793,40665.559558766996,87876.72393806699,31207.999120999993,295763.851962
2017-09,171584.9669597,168213.3875686,208484.4747908,373957.42461700004,123535.04285069898,81763.6591432,1200222.407602,628776.4504867999,-1803.9938462000005,160998.36289699998,-3371.579391100002,24802.8848738,505407.4986,-889.9709163000007,4822.8441304,879364.923217,167457.759372,376538.2564732999,379.72,768229.31086,1327698.8333075002,39319.244425900004,80873.68822689999,1845.4336604,320894.0797491,2737.9205570000013,140718.903149,56808.70425599999,22365.0320106,4571.573899499999,129566.25038446698,70466.3755798,33919.223979366994,104385.59955916699,25180.650825299992,278248.35495
2017-10,138872.6041065,135182.8746498,153388.3244171,361462.477136,128386.5485399,81460.069681,1394511.470632,609137.0515052,-2811.7525335,161805.66359,-3689.7294567,25831.9984613,530036.774,-4612.504326599999,5300.0869481,891499.251136,201590.334984,429258.4123128,4633.55,640527.9425812,1446589.0281859997,37569.7871963,76847.56535440001,363.30017410000005,336992.49840640003,6710.3787176999995,160715.4239532,57895.20350710001,24634.852976,2556.723653,76180.39477476699,26621.6068768,22380.857654967003,49002.46453176701,27177.930242999988,298233.467771
2017-11,138103.4068893,135902.5409574,146372.82561539998,369493.479164,104613.890779199,91052.2424533,1099358.990718,636368.1121756,-197.7934008000002,276605.986525,-2200.8659319000017,25926.508403,537037.9282,-5522.9698621,5091.3645480000005,906531.407364,151479.338941,385639.1250627,2893.91,744726.559855,1240942.9216955001,36399.8837601,85529.2725912,835.5650289,259193.62789259996,7834.985888700001,115499.3507887,57104.2484729,17907.636440999995,9169.479186,86065.28856736704,40855.9514929,37375.929735967,78231.881228867,7833.407338500037,312651.05274
2017-12,150022.9893917,145448.221259,169378.3077525,365729.84179900005,109513.06095849998,76759.2116294,1450899.873799,548842.8995666,-550.9559835999996,175460.51321200002,-4574.768132700002,24868.7069626,514625.757,-3364.5914330000014,5072.748439999999,880355.598799,175896.37132,327073.4321392,2845.402,638026.036665,1295864.6064870302,29845.544131600003,73394.62019639999,2190.7221627999998,334708.95611800003,5305.567353999999,135121.46067250002,53437.4461014,16117.699211399999,4106.36246,75230.482287397,22472.3675664,21704.064855496996,44176.432421897,31054.049865500005,268681.53012
2018-01,171578.15108860002,168843.26568932,207085.27132353,416118.87652667,128664.946534166,79379.0866709,1390473.5292,926683.465208357,-3062.3295961999993,164106.239402,-2734.885399279997,30692.2566382,589553.37758333,-3368.9642934999997,4595.9824136,1005672.2541100001,204526.711529,379223.57918593,692.5849999999999,822885.15547,1334947.1380915365,35470.107602000004,76010.12237740001,1199.4560933999999,346817.52203999995,10934.9741744,135109.06125849998,61585.723329599976,16231.399320999999,5898.816897,81974.44134436702,12743.5687816,36832.59836816702,49576.16714976702,32398.27419460001,351054.29760033
2018-02,165000.69543780002,162228.9503256,187509.77439382998,404561.53054667,109932.759115267,82725.7001259,1419430.8189410998,886758.035208357,-2275.742792500001,237483.20733,-2771.745112200002,25312.9839512,525535.68894333,-6657.280052300001,4505.0680092,930097.21949,189467.88671299999,354291.9195492301,2318.435335,870473.0081369999,1236831.8997944363,36177.7362023,76068.42007359999,880.9219503000002,280760.1024699999,3055.1893041999974,119510.20844259996,63732.28615179996,12262.865867000002,5812.5878889000005,38982.266716667014,11883.9262298,29896.317803366997,41780.24403316699,-2797.9773164999788,315818.12327833
2018-03,175674.3417006,168147.2371351,175567.02903913002,448736.19583367,121274.498854967,82690.6100544,1339078.948238,982609.4552083571,-2365.407605000001,160833.337436,-7527.1045655,27073.780283400003,640066.64158333,-6989.0879663000005,5542.914003000001,1088802.837417,220990.9715628,385708.8871225299,2032.2703839999997,1071013.512408,1432076.7084073364,44861.3396317,75701.5220881,1266.9427219,296948.4643,-2511.0448050000014,188670.09924390007,60376.34858190001,21982.87486099999,5398.276565999999,71200.319631967,15213.6458586,27581.894150166998,42795.540008767,28404.779623199996,334675.54601333
2018-04,177963.5587482,170693.69631565,211341.30856503002,464392.35770467,109630.31324986706,93146.2355518,1138710.4233449998,920485.875208357,914.8759640000002,179863.85490900002,-7269.862432549998,28993.543220500003,525737.79958333,-8140.271854699999,4783.638934500001,990130.157288,169194.230203,413319.69769773,4796.129296,1026685.1358759999,1404092.7408091864,43323.532784400006,85005.9636971,1895.7903185,336959.5158944001,2762.5037657999965,149263.45560609995,61067.586924100004,22098.336665100003,2595.9534710000003,96065.32237341705,29196.9079961,33178.424988217004,62375.33298431701,33689.98938910004,323812.63191433
2018-05,168417.7579067,162710.3884612,174830.96280333004,335999.52800166997,125241.00914316601,86781.23002770002,997048.457766,980549.745208357,-213.14257450000014,246036.791279,-5707.369445500008,29379.019533,623579.57458333,-8582.1048417,4890.6041213,959579.102585,214047.175873,409209.87472002994,2457.309941,819906.425755,1389706.4116971362,37735.04562600001,78199.12518600002,3258.7856325,387738.6219244001,974.2887407000035,185917.38762810003,74390.98819679998,20030.682237999994,6510.554399199999,42492.08258536699,15395.247880900002,28718.111710066987,44113.35959096699,-1621.2770056000008,377961.61389832996
2018-06,178447.8570444,171930.39749640002,206359.90013883,446618.88911667,136498.30011956612,75337.5483444,1667176.737985,944249.575208357,1058.6117206000001,220789.037675,-6517.459547999986,26331.656770999998,542562.28358333,-1405.213463699999,5073.7438523,989181.1727,215709.55598,394170.50447782996,219.220219,863731.411515,1354996.7937903362,39778.2987805,73932.3348807,3770.9275750000006,276980.696936,1197.9697493999975,128476.06390039997,51649.02220189997,29975.35037100001,5234.1118436,91950.65730066701,9472.4242163,43833.567443866996,53305.991660167,38644.66564050001,354700.64510233
2018-07,179660.196073,173179.22756109998,219431.66138163,368762.87856267,122320.63129066602,89164.9582138,1185301.051508,959824.135208357,320.01966879999964,225522.84527320002,-6480.968511900013,29853.854453000004,558656.64158333,-4682.178241899998,4497.2949587,927419.520146,184411.739141,379895.06259953004,596.588114,953508.176088,1312643.4733732364,48134.414390599995,84482.7799719,1043.7253910999998,201946.88163720001,1723.4478313000036,148148.31836539987,69843.62109790002,21377.39363199999,3120.8226450000006,64998.137889267025,14944.4858991,34706.261285867,49650.747184967004,15347.390704300022,354571.21662433
2018-08,137531.08900749002,132796.85722159,164641.11453392,322355.75051967,158430.48411345697,100433.12968480999,1728507.54066,961855.445208357,823.8790033999996,200222.8085,-4734.231785899998,27035.275194,605957.42158333,-5884.329208020001,6218.21553994,928313.1721030001,177515.34802499998,387496.36557908,2684.300656,888621.114244,1313056.2002931766,46984.099883740004,94548.80047679,572.2779256100001,247655.36054039997,7199.821654270003,123228.67812995003,74991.51972643999,22628.488843999992,8283.1315593,88929.07949793703,19517.4388959,46325.497977917024,65842.93687381703,23086.142624119995,320872.30490233
2018-09,150285.3328689,145851.5362981,181139.39842963,415498.80934567,117107.071141067,82728.5764663,1352980.2505072,892685.825208357,701.1759212999999,173914.401265,-4433.796570799999,26987.707502,536513.80258333,-4206.279148199999,4900.513453099999,952012.6119289999,142703.83693599998,347839.83809943,3269.482807,565476.269471,1217972.0905227365,43834.2311303,78522.2973181,1030.3264689999999,245740.67589250003,2498.610835999999,134839.14252589998,63006.5249383,22056.102468,2668.926995,72897.451542467,11516.294480499997,41465.231350667,52981.525831167004,19915.92571129999,270350.40426433
2018-10,169194.57748130002,164716.0068556,217221.12629033,284655.31611667003,130615.76836216598,93114.00100680001,1701846.161628,907654.755208357,1650.8265649,184492.59461,-4478.5706257000065,27227.004119,568067.84558333,-4765.497066700002,5642.1598348,852723.1617,141741.125705,399275.69022143,2668.01745,1072348.67478,1371370.7365140363,41542.5520505,88348.5039401,2099.1946328,290991.42616730003,3738.523523400001,137694.6129975,66744.8291304,25198.238909,4892.369087,100356.23610226702,6023.62659,45844.44352236701,51868.07011236701,48488.16598990001,295804.73972633004
2018-11,160567.5064422,156291.2195363,179178.89469243,369809.39458867,134115.433159867,74852.2726112,1586350.0415780002,807942.355208357,1894.855487,208864.63225999998,-4276.286905900005,30551.036516,557743.46188333,-3784.6113365,5542.844653499999,927552.856472,131314.58895980002,403128.74495253,2161.912405,448246.42461399996,1350309.5946107365,41836.6203447,71067.6612747,747.5754148999999,128152.75413239998,4354.279753700001,149046.4231832,56026.505665599994,33193.122188,10040.985627600001,86397.585549367,20428.1662382,42777.720742867,63205.886981067,23191.698568299995,210554.00270273
2018-12,186816.9366617,180882.2730617,213930.09893323,380337.09554167,113625.083050766,50779.2807728,740567.02809,872415.325208357,1086.624141,139892.421025,-5934.6636000000035,30005.758636,563716.77458333,-2946.0657770000007,5635.060431299999,944053.870125,58547.3002994,339826.07917032996,3286.8649130000003,713214.515768,1242262.7376348365,30387.036909500006,47833.2149958,1890.9594819000001,215783.67129030003,-1358.2066697999999,137613.1399152,35784.796004200005,12329.913246,21418.258878,46282.60892206704,4422.756630200001,36496.668564267005,40919.42519446701,5363.18372760003,302653.06375333003
2019-01,156800.5242115,153355.5004653,207928.17341037,413302.62032333,131424.38714646702,108423.79223183,1461324.137573,863010.707703064,2091.262859,177569.699218,-3445.0237462000005,23528.100431333332,595037.942,-4909.5584232,5114.2374442,1008340.56232333,129066.130137,388709.9698964368,2916.133624,1001366.3113850001,1320084.7190943332,42102.17057196699,103514.23380863,2227.3918075,281787.8073494,7731.1183429,151131.8997251,45806.5476403,30886.3131846,5588.2401853,81679.08389113299,15374.663274767,46604.92909563299,61979.592370399994,19699.491520732998,360036.676292
2019-02,149627.9367359,145885.3923809,185014.46870647,394190.12851633,137278.15614946702,96892.648285133,1298448.0544520002,913481.4127030639,1989.010129,170855.822599,-3742.544355000001,22360.319120333334,524285.00245,-6145.0065018,4670.8900508,918475.13096633,136618.107005,346789.0266129367,1976.496191,790445.57528,1195988.6153340333,42187.938602867,90747.641783333,3212.5358965,306346.4191144,-1008.9894237999997,113024.5242823,53804.2747945,17243.559491,7609.788556,88377.919978633,17836.455484167,36012.167553533,53848.6230377,34529.29694093299,308910.709501
2019-03,159696.3485277,154968.9607389,192309.94185367,378966.74355332996,141884.239959467,79446.55138183301,1379986.11975,915598.796003064,1629.8784855,214841.060799,-4727.387788800001,23068.05460533333,590419.725,-4948.769041,5511.832096,969386.4685533299,153726.087235,394189.7983199366,3307.603738,735398.939211,1333040.1745732331,47992.427070967,74497.782340833,1316.4098668,237119.66018189996,1007.659236200001,157374.0196072,54213.4490238,34265.742431,7702.152485,108724.54045163299,28744.931806967,39200.46546133299,67945.39726829999,40779.143183333,271856.585857
2019-04,174820.41225570004,167345.6318586,206076.81184967,420707.45120333,145197.060345467,81052.25819093299,1125339.3988879998,907444.808103064,2420.8423839999996,132239.075011,-7474.7803971,23563.631176333336,577394.1316,-3336.1375728000003,4652.732045,998101.5828033299,170596.22104799998,382189.3436755367,952.2184840000001,889018.365974,1371961.0061993331,50574.054314267,77716.12061813299,2159.8416203,315840.7797221,6548.2423254,200480.2187922,43040.4845844,34725.83559,6825.9457708,88992.337633833,29380.012938566997,32277.758042933,61657.7709815,27334.566652333,265973.395182
2019-05,187339.9499063,181252.3296983,203777.92508367,364799.44501332997,147062.473547067,90742.50179263299,1326180.4978359998,964527.0260030641,2696.3426227,222627.36099800002,-6087.620208,24108.54115733333,571252.6704299999,-7585.190007700001,5680.4409727,936052.1154433299,185756.14708800003,400891.7439056367,2297.86899,814202.04364,1322230.616444033,49915.231408967,83157.31178493299,2726.7470929999995,247597.4935027,6875.7539084,159156.3165054,57617.9000488,27770.159207,5072.756251,107719.534388933,18644.058985767,43933.621140933006,62577.680126700005,45141.85426223299,288651.891681
2019-06,186654.91848340002,180933.12055279998,202915.01183166998,352943.04271332995,123150.65099446701,71176.917841833,1520810.259397,794004.1960030639,2438.3998174999997,167188.72421299998,-5721.7979306,22081.034620333332,490567.96313,-4679.1349054,3911.0232902,843511.00584333,199113.9458826,357225.8037126367,573.95748,988438.293949,1125298.0457771332,45417.798173167,66497.78293643301,2029.2420949,300562.0000583,7701.1679482,120282.073495,47759.094640100004,24097.768546,6506.448654999999,92529.39523543298,19105.721893366997,34193.087881932996,53298.80977529999,39230.58546013299,316152.321419
2019-07,163902.3940616,160105.532771,192009.02387206999,329303.05549533,135111.549906667,76944.20428263299,1555604.9663929997,814951.113003064,3863.8615909,148682.505844,-3796.8612906,21823.054876333335,475239.31118,-7382.803713400001,4678.9706218,804542.3666753301,187833.154587,393774.82984593674,1539.329466,715349.3051100001,1285139.7652802332,43063.85220316701,69561.400569233,3079.2524088000005,240198.5168208,4224.123585,153291.1123757,50481.3070393,27271.592395,8446.4137393,85311.42103473301,15528.152744867002,38848.64028933301,54376.79303420001,30934.628000532997,295412.8693579
2019-08,154681.08782689998,150968.8086712,170106.42887727,403720.52775333,130848.891487467,73962.28485983299,1420252.2514459998,828606.756003064,2557.002112,243528.211987,-3712.2791557,21038.764367333333,463851.75,-7198.8270101,4931.6293852,867572.2777533301,188657.344118,406510.64284833666,2201.81435,430712.65066299995,1362847.6890279334,40704.241045967006,66763.457849733,5376.0944662,279843.3225449,2273.966906200001,144490.6982422,54155.2601516,32653.695093,4382.272613,77980.824138533,9230.822400167,37798.883761232995,47029.7061614,30951.117977133,259051.25948400004
2019-09,167138.4138431,163447.65453630002,172530.97172817,352909.98043732997,116180.78691298701,64710.96018973299,1310455.5290134,825523.9360030639,2434.360515,205539.17227,-3690.7593067999996,16196.45821033333,454414.294989,-5226.3895257,4747.839075700001,807324.27542633,155875.453395,391387.6838937367,2130.1206690000004,417875.03991999995,1267734.8537925333,42053.422060267,59484.57066403299,2439.9676377,234354.72805970002,801.1238501000007,119974.7610026,58747.795254000004,18538.645266,5746.561656,74777.329885833,9659.175461466999,34565.918951732994,44225.09441319999,30552.235472633,281130.979092
2019-10,172256.7082236,166551.8051483,192470.91533867002,362916.71212033,110052.69115448701,73528.397956833,1542838.880437,813165.6760030639,2298.795954,216282.91882,-5704.903075299999,23277.060527333335,466883.542,-9298.950159,5061.3842202000005,829800.2541203301,156336.0333498,415642.1060113367,3429.411495,565428.351376,1275671.642875333,35689.99122676701,64229.447797832996,2582.2884928,431619.36628139997,7099.686784399999,135679.2010308,48446.640819700006,30243.893378,4500.90199,90338.16263205299,14829.639405867,38022.00569563299,52851.64510149999,37486.517530553,267603.3050334
2019-11,164038.2785422,158988.7451372,183690.33695367,285484.52232433,97250.268007867,83120.941245133,1385612.4159686,827232.054003064,2521.7862345999997,160187.65793,-5049.533404999999,22921.468779333332,513115.2722,-5999.2697209,5217.0675128,798599.79452433,141037.191495,381473.5833871368,3483.755677,583054.1715299999,1168926.1564300333,37330.101657267005,77121.67152423301,3047.5449139,157528.83956649998,899.1750865999993,118586.9532578,32963.7865561,17677.621427,5667.2487266,72069.418028433,13617.914437167,31173.601554033005,44791.51599120001,27277.902037232998,295904.27786000003
2019-12,164362.54924750002,157741.0413386,188174.80025467,320405.09215032996,124846.82050896701,48868.852676532995,765301.5715069999,786913.994003064,1687.238221,153025.24261299998,-6621.507908899999,22297.34578633333,533127.299799,-5554.3008297999995,4397.176386300001,853532.39194933,120486.8690132,396435.31137173664,1946.9176770000001,349982.63429300004,1296509.3087876334,28858.914471167,43314.551846733,3835.9076889,161208.671078,7361.0769402999995,119098.4007381,54144.4594003,19719.694961,10630.563344999999,81656.094598733,12822.091632467,27063.947920233004,39886.03955270001,41770.055046033,274800.48172300006
2020-01,176564.23476236,172232.33403624,183950.97194733,254951.80856232997,137033.231147973,58636.357644467,396579.880848,889096.686458357,1863.33227225,141261.934802,-4331.9007261199995,21766.579294666666,529787.4671550001,-4102.22169253,4569.4212091,784739.27571733,131950.551661,409102.19802769,1145.698088,701711.05961,1313785.9094578698,40642.273114106996,54534.135951937016,2256.67895315,241693.2737688,9315.06138325,140430.22108944002,50285.67066234,27107.733905,3401.556447,54568.21814534001,11047.92763607,30686.389831790002,41734.317467860004,12833.900677480007,320846.59655733
2020-02,176978.3981451,170949.3715822,182440.46416812998,243913.51983732998,115958.004680933,78512.998862067,369463.187602,814109.326458357,1786.8334329,180003.019609,-6029.0265629,18384.275357666666,384123.14740300004,-5239.2490929000005,4190.3340707,628036.66724033,157245.9595104,367375.71292252996,2553.3705,804055.57298,1058627.4343093,40850.974522266995,73273.74976916701,970.9102313999999,226667.45692599998,-1947.2040435,92549.1677016,44808.378775,22393.647651,4636.2592494,52205.18822139999,11324.7923284,25464.209986899994,36789.00231529999,15416.1859061,291241.13383333
2020-03,201189.75528115997,193676.22956692,234593.33245711,239017.54832832998,145276.29871722302,87883.077596717,355173.672443,953027.926458357,1929.804798,177483.36515899998,-7513.52571424,19883.901103666667,477681.156955,-3694.83091574,4567.7436062,716698.70528333,148361.83801354998,394684.85897103,1635.3008,355182.608475,1245373.08680317,32036.850444666998,84188.246680977,889.0379536500001,307274.80303959997,3513.2297130900006,109679.10324569,56880.70771155,27699.717737000003,2933.7887909,98284.31855779001,5698.7022808,53166.08158256001,58864.783863360004,39419.53469443,335732.17768433
2020-04,168501.19686734,161784.4659228,222774.59235807,233698.07444832998,70616.531954163,82733.349101687,159154.54417797,771105.3364583569,2124.49437824,137004.75115999999,-6716.730944539999,19298.617145666667,417069.921455,-7480.1912215600005,3030.6217225,650767.9959033299,163174.023269,322564.90353126,2500.6925,563538.81714,1184626.31015267,38620.770232407,75253.15788012701,3389.43360746,259280.43135499998,7096.4080566600005,114987.56644590001,65643.56597872,21534.668801,1474.166201,47719.23821021,3638.6233126,37714.10389177,41352.72720437,6366.511005840002,286717.38230433
2020-05,150386.71882203998,141831.85582582,187419.44862932997,225582.42874832998,51950.448757193,72200.70405716701,37178.989716,620040.0564583356,-3330.4697890000007,112837.02352,-8554.862996220001,14504.649734666667,363525.03145500005,-6773.5947025000005,2044.2822009999998,589107.46020333,141132.0606618,280405.04993051,3405.81,314486.386236,1000944.8526787902,27480.356312947,65427.109354667,5812.51864036,171002.50001800002,12986.76332817,86704.05908653,37839.02911852,27005.209661999997,3769.91776,41877.01942596,7527.134655400001,27385.03639196,34912.171047359996,6964.848378600007,244078.50994132998
2020-06,156914.57358101,144145.31132955998,204639.33655993,243552.30565833,62543.599050573,79250.01683938701,432604.354158,617599.0764583356,-906.6092429999999,175457.282144,-12769.26225145,17939.48708966667,411141.761455,-9783.11493175,2697.005774,654694.06711333,128511.73063600001,298447.88243848004,2314.17,236742.70862,870787.0128831698,28574.116782016994,69466.90190763702,3321.53386779,136367.17008799998,5025.8197960299985,68777.16260785,27188.26174259,28418.408778999998,281.3476988,45103.59503476,9080.8184681,26235.721118499998,35316.539586599996,9787.055448160005,222426.66145733
2020-07,172122.39082675,162786.51221408998,204483.18104533,260572.07749832998,73171.68919819301,67145.77556450701,420155.509443,714477.156458357,2113.841739,102931.453231,-9335.878612659999,21230.15292766667,437740.041455,-11190.900184979999,3109.5295698,698312.11895333,95366.17005039999,331679.3351253699,2628.26,413347.89548300003,870091.07588566,30873.867257587,55954.87537952701,4166.56881206,174299.53997499996,67.30998288999945,69613.72086658,30168.215852819998,25799.438528000002,5455.397261,48400.514011310006,3253.6307078000004,37295.82978385,40549.46049165,7851.053519660003,287585.77189133
2020-08,183407.80672775,175190.45333726998,205488.09279532998,244451.59618633,92731.902443603,71345.070371987,375159.938287,845159.3304583569,1881.4478250000002,147175.316949,-8217.353390479999,14175.363497666669,502799.441455,-10391.76853021,3518.2554455,747251.03764133,167900.4838566,356702.55136874004,2531.65,606519.713735,965160.4523064899,40543.307833517,60953.30184177701,1023.55951168,364915.8982558,1946.0055199999997,66764.64565561,34651.635393360004,25367.2095178,10028.198861,64283.17482727,8799.4771291,39300.41664003,48099.89376913,16183.281058139997,327023.01427833
2020-09,207454.00344924998,201675.43558985,229037.74252133,238058.63904833,95177.804353463,59296.21095046701,467429.440113,838823.7164583569,1969.209286,118694.93494400001,-5778.567859400001,13588.345687666668,536060.4214550001,-13675.39618427,4439.246812699999,774119.0605033301,142170.852766,364952.59195568,2492.01,433126.926872,1108793.9711863399,39844.616559517,45620.81476619701,1743.6718160799999,272439.9564812,8209.19000858,100955.31854950999,48440.35912362,23353.697564000002,2502.51944198,85289.16297516,14472.064799300002,50687.02126374999,65159.086063049996,20130.07691211,309027.40735433
2020-10,208901.44686786,198401.5391603,222886.76111733,212777.99875233,110699.670500213,84974.615874017,373163.58643,946915.536458357,2363.62406468,159453.24836,-10499.90770756,16421.445646666667,519511.441455,-9326.66711529,4412.343308760001,732289.44020733,180067.947144,404597.31472659006,1157.26,247997.75777899998,1134179.39101977,43263.926424066995,75647.94875872701,2714.7001114,325452.93275563,12928.45805125,79619.64541774,52487.04002597,22972.736188,8213.379934,98515.94478759999,16677.42188263,68130.95913235999,84808.38101498998,13707.563772610003,320110.69502133
2020-11,206385.30875341,199740.47327078998,239110.46283033,241014.01451732998,98154.08303938301,75505.73284513701,514728.61435399996,915650.686458357,2481.883051,106266.642744,-6644.835482620001,21477.960639666668,523856.403455,-13228.29773763,5020.063063400001,764870.41797233,172329.4952596,411388.67168643,2095.0319999999997,407878.53477399994,1156007.4459404699,30839.807800236995,62277.435107507,2164.6366456299997,283059.66850260005,19243.3792915,100583.14456522999,51164.99762795,22676.139404,3356.793527,111309.73461916001,12263.793160800002,65260.751472350006,77524.54463315001,33785.18998601,343632.49664433
2020-12,197445.87048972,187390.78672312,245527.48280925,240454.80421632997,109980.78728032298,76104.71776342702,408438.771616,918459.446458357,3037.0345639999996,163766.56848000002,-10055.0837666,20554.227123666667,486529.46145500004,-11286.73926229,4483.1800756,726984.26567133,161261.291119,418568.88824397005,1276.60156836,-72266.91417500004,1245207.3854721603,35282.197998767,64817.978501137004,6087.83376297,307486.58124761004,13501.585014599998,124341.19891533001,62001.52645001,22982.920599999998,61881.20312113,96221.60110415,9270.8457509,60816.00705419,70086.85280508999,26134.748299060004,337574.04761133
2021-01,198355.1958124,184761.71961982,230154.511226,236485.56251367,114259.473401177,70170.24401953298,401013.888618,959533.3384774019,2811.7429892,138118.348734,-13593.476192580001,24968.45608233333,551219.14031042,-6953.037186719999,3488.149145,787704.7028240899,179466.07375,402721.13924687007,2240.482,799136.8876509999,1187070.7314077392,30428.147048329996,63217.20683281299,1428.4044855500001,363617.19215200003,10943.6593556,137781.57887990001,51594.79709862999,29070.991258,8816.078163,86264.947726223,5050.9505862900005,45398.196763953,50449.147350243,35815.80037598,319127.471
2021-02,144821.61707092,137291.20472875997,186907.38771712,213893.20859967,118555.94813452699,38608.997807223,401318.709859,760317.9884774019,2440.534774,156016.052248,-7530.412342160001,26668.53374433333,347260.75701041997,-5377.93169485,4173.378103,561153.96561009,155951.5529749,332704.6204212699,2918.4719999999998,787158.626047,1067631.9920000392,44364.081010509995,33231.066112373,2201.8407598500003,230777.14098599995,7328.2021678,112134.98745464999,50992.73876297,22043.653999000002,8116.51096615,72165.87742891,3804.6250836870004,43402.146782102995,47206.77186579,24959.10556312,251268.925502
2021-03,189971.00402098,184832.92282399,247137.45710700002,280229.54991167,134797.36933920698,64486.42394646299,453524.490992,1007416.4484774021,3369.76490363,147717.02182,-5138.08119699,21713.030983133332,529545.13001042,-7196.2311964499995,5465.62686326,809774.6799220899,201736.51779386,467993.4866925,3593.027,627559.029631,1509378.6329241092,37573.62501459,57290.192750013,1785.27453287,285847.25102009997,12306.2549881,168595.89084679002,59015.825370319995,37432.470053000005,3348.014113,99996.72176594051,7260.1373081475,62052.18264356301,69312.31995171051,30684.401814229997,397536.259301
2021-04,199477.96219902998,193528.41761201998,276822.33058316,254621.88258466998,116633.986196777,53286.041099443,419063.78869899997,953063.1084774019,3094.4049297,141338.656562,-5949.544587009999,20722.529832333334,547059.66031042,-4900.4582719400005,4598.332062799999,801681.54289509,201740.80241164,426215.23025063996,3398.400932,636673.9919649999,1396649.908881139,55070.29859797,48385.582827503,5895.8943122,371903.80043452,14772.885642669999,168070.32221369998,57934.300691410004,33655.6383252,7028.684039,94447.056800633,5127.45486283,52663.607712813,57791.062575642994,36655.99422499,293041.88253311
2021-05,212789.73878877,207763.25785121002,279350.25650799996,285984.27889467,132290.178790007,82531.72658809299,468378.17021659,1017624.1184774019,2446.494628,219652.361866,-5026.480937560001,22672.559497333335,600493.75021042,-7043.20303332,4160.01093111,886478.0291050901,167964.93037780002,428806.04279356997,1543.966,282560.172944,1416706.494639266,41781.71532423,75488.523554773,3527.6324294,361003.52925039997,9573.9350534,152890.66782735,63298.79789192,25764.449014399997,6003.30849,75533.129738693,2663.1370650199997,52121.379593223,54784.516658242996,20748.61308045,327162.75770799996
2021-06,210511.86461923,200938.58026729999,261067.241307,234921.02284766998,131126.56026862698,73848.957192023,434385.800147,1004521.7784774019,2372.862952,111887.91316,-9573.28435193,22583.710984033332,500140.67001041997,-7400.97732758,5080.74321196,735061.6928580899,177040.05885,431772.57736398,1209.7459999999999,360313.994421,1312194.6932108991,53398.23536535,66447.97986444298,8765.66825363,375846.2399031299,10379.489053599998,126091.4988687,53859.27132846999,32678.838482600004,5844.31066,70286.22503761298,961.661642,50059.927171013,51021.588813013,19264.63622459999,347346.446249
2021-07,204618.19580135998,197445.11270103,244961.33141599997,216974.96512367,108040.46165265702,79475.992667163,430159.41523600003,936477.5084774018,2786.061814,226419.355413,-7173.083100329999,24729.927791933333,398360.13001042,-3833.0040526700004,5416.411919790001,615335.0951340899,171369.321629,427849.58061565005,1493.8400000000001,472127.07647,1443857.860024849,38023.75741197,75642.98861449299,5240.87833036,329471.29357946,8674.097055799999,177043.29141234,66098.42570608,34235.2307254,10610.696415,87230.8206933194,6327.621123676399,48539.63454388299,54867.25566755939,32363.565025760006,338879.3110922
2021-08,197042.16924033998,191635.55202922,239842.38688350003,279366.47774467,127854.931353007,90514.26348426299,431448.990406,885650.7384774019,2774.748955,145068.86259,-5406.61721112,21675.122985333335,465398.96023042,-5801.20460884,4829.5655942,744765.43797509,188906.702073,424922.73930012004,2230.0730000000003,293223.78127,1440470.768647036,40635.39857975,84713.05887542298,6077.198504499999,461758.1608485999,19059.783653079998,162092.40616371002,57339.385466980006,35205.8192586,12532.583901,101009.5470636324,2420.7820798213997,39347.187944740996,41767.9700245624,59241.57703907,323689.152708
2021-09,200811.43753452002,194888.02914451,249200.07389800003,279241.29112367,122605.865113427,85448.22941956298,410728.85488,908830.1084774019,3136.144249,116791.520722,-5923.40839001,24366.822253333332,451549.13001042,-6639.725740350001,5193.11204156,730790.42113409,177441.56283149016,402144.55427875,1729.2920000000001,527015.9421660001,1391460.8996776962,37172.00510083,78808.503679213,2372.5857244500003,482469.2766384399,5222.942457199999,135986.12699891,53361.09949803001,27393.531962600002,3444.673047,78857.55754249249,1306.4685565195,50053.98431474299,51360.452871262496,27497.10467123,259695.39929799997
2021-10,175683.390334,168387.68439113002,218005.269571,236243.93626267,120160.42104792701,79838.388893303,434433.60133700003,886995.4784774019,2901.014368,118558.545226,-7295.70594287,25650.229080333334,547148.66922042,-4943.898872600001,4715.803865960001,783392.6054830899,157412.4157996,384635.46333179995,4513.4,786352.14279,1312460.661269646,49721.47262287,74894.490020703,11754.39289176,426815.82736661995,1593.6701549000027,123234.97171259,55250.612498739996,39384.9343884,4275.985397,106261.12372065109,2984.8574349241,48740.945052106996,51725.8024870311,54535.321233619994,239112.93942799998
2021-11,156616.26305568,152330.36099471,191219.235529,230383.04250066998,110667.58340322699,76288.251166873,410794.936246,829147.5184774019,3287.862796,205727.482288,-4285.902060969999,21546.381941333333,509243.04023042,-6538.28845657,4585.5489649599995,739626.08273109,179628.62214,424195.44213367,2146.373,492963.768489,1360045.2887234262,51932.570524380004,69749.96271030299,14585.13757347,393712.33102756,15737.472323140002,127460.08608983,53757.73381432999,40643.1965688,19797.041698,73461.63166948699,2495.25445819,53695.620417936996,56190.874876126996,17270.756793359993,232946.08787599995
2021-12,187906.8293565,179327.88925548003,179213.82538000002,272538.12218967,118069.394112507,73436.326235843,481337.805712,886501.3184774019,2550.7012659999996,143607.234741,-8578.94010102,19836.857104333332,547585.10001042,-6695.81303462,4738.07547944,820123.22220009,153039.86408993995,371674.879054,1391.746,467135.852695,1121146.1768987393,38728.321620569994,66740.513201223,7699.88753197,402597.00089962,5221.572027690001,108835.19551983,62335.90603603001,41622.327579,30579.677859,67586.85903378199,1015.5066969,40386.250330591996,41401.757027492,26185.10200628999,263698.93231199996
2022-01,195741.05612978002,192140.87973864,221160.90389860002,264131.29365633,96127.035859603,61497.158327297,769986.4702999999,935001.0555032499,1803.58972,99182.47560199999,-3600.1763911400003,22773.3738616,503614.000454,-1941.87731497,3364.5396858,767745.29411033,156752.60758933335,392858.21041209,2033.3029999999999,707408.999974,1225558.914238006,57482.022739127,59555.281012326996,5268.67008332,396881.20417628,-2703.36755454,109420.6779849,55110.768361329996,35692.181117,11029.814326,77769.0944912904,5495.152690757401,46330.080395412995,51825.233086170396,25943.86140512,331132.85749867
2022-02,185110.65618944998,177245.15626872002,231672.28062926998,221128.05501533,113266.449207683,79838.71542806701,614483.5687859999,909505.6655032499,2642.1128232,139120.171614,-7865.49992073,22165.521099,447117.5903,-1729.1073832299994,4303.178612,668245.64531533,163512.53838733333,376034.4564776,2636.847,816809.421772,1237577.663502636,54290.166212467,78109.608044837,10687.885219740001,390133.66777503,-8534.76212208,118287.07071041,64773.72121701999,46558.322964,11435.733245,82757.54812117701,3805.2705244199997,46696.960160107,50502.230684527,32255.317436650002,292298.89647067
2022-03,214037.89886005,206282.86823496,266790.70077467,209039.65010333,120206.92917214299,72442.280863637,855440.5080120001,963504.7750726761,2013.2933530999999,162670.54038500003,-7755.03062509,19471.391392999998,455131.4924,-10343.5115712,5636.6500836,664171.14250333,197437.77925845332,443184.4094295899,698.4380000000001,456423.13387499994,1409820.367106096,48225.349706347,62098.769292437,4108.31781795,557560.54256903,387.3348440000009,147842.58764507,56049.11431614,46834.572283,14301.318168,101811.6101987208,7900.1503129448,41909.183067296,49809.3333802408,52002.27681848,324778.79081167
2022-04,193326.90141812002,187881.44330523,206746.36102927,251956.98652332998,114395.74296355301,73089.808178087,532168.4393920001,906939.634208468,2028.6908164899999,171174.347151,-5445.45811289,27059.317215,477870.26,-7741.591358390001,4362.55202083,729827.24652333,147421.4407236833,379740.40434849,1576.524,661537.9733999999,1264367.009484666,58054.154581407,65348.216819697,5861.38095435,550135.1658550999,-7356.1426157000005,130791.68288020999,58374.32676862,22001.4070678,7049.05162091,72254.6351646526,8933.090281405599,36062.942894267,44996.033175672594,27258.601988980008,347994.12017666997
2022-05,196420.11157606,190030.48667547,229639.78741467002,295995.06088833004,117129.422081153,83608.30077994699,546185.193292,998042.6655032499,2130.0482813,181572.456827,-6389.62490059,19010.229608,515445.000453,-8696.86809022,5015.196583,811440.06134133,166276.72372273332,453859.08797588,4228.223000000001,488928.722305,1557480.281125926,56267.104779177,74911.432689727,6202.25979971,477081.7976075,7480.847468,135981.71532011,69610.66975444001,55989.784580499996,5806.775605,76344.4824347472,9117.485314233201,42583.400699904,51700.8860141372,24643.596420610003,306302.88185867
2022-06,189076.81892533,181950.03062484,239389.30389667,240659.32996133,105086.850096753,87271.369002597,490093.812323,974107.8555032499,2155.962537,188829.3747701,-7126.78830049,26255.405980000003,530614.55022,-9931.26544861,4517.06724002,771273.88018133,174634.70082633334,369092.75165108003,1776.781,415176.97064119997,1184941.2912747762,57316.87008907699,77340.103553987,3288.5438581599997,607214.5457493,337.965959000001,141755.0114362,55944.32720521,27097.339758,3842.6342448,63663.193943375205,6985.7107232382,33087.630232906995,40073.3409561452,23589.852987230006,306600.20040067
2022-07,194547.67659832,188306.50879882998,238356.25455867,212496.52339333,113883.84706536299,69692.807041857,476290.388884,942313.3455032499,1921.7554080500001,94515.0885907,-6241.167799490001,25874.711055,556043.07045,-7182.15375505,5292.1010877,768539.59384333,178516.99891997332,377532.71774039994,2257.739,551431.7220930001,1220822.697658666,70033.022850197,62510.653286807006,2233.94076448,469650.4222385999,-2671.5604759899998,115341.66357295,60343.12694884,34944.719337999995,5219.242483,65406.556112373,9659.703083347002,26082.620941506008,35742.324024853006,29664.232087519995,293436.98704537
2022-08,153248.33678578,146400.18391144,190037.08391867002,272290.81963933003,123393.827096143,84506.484294617,536318.6113170001,880761.3155032499,3059.05755997,118863.620133,-6848.15287434,26312.806883999998,485988.986,-5029.940273759999,5267.9272634,758279.80563933,147675.97780933333,399814.89514287,2134.804,507130.2459450001,1332258.135298746,60049.61147035699,79476.54402085699,5861.84628728,536786.9621722001,9242.168233499999,148878.03865303,70834.85365808,38929.462751,4755.675576000001,58343.547288242204,7312.730476270201,26533.353629892,33846.084106162205,24497.46318208,286955.85235347
2022-09,155052.05228412,149816.84495523002,191285.52192767,212183.34469032998,111738.332507883,66466.573150027,708397.448349,834736.9855032499,1925.0711019000003,213144.322748,-5235.20732889,22040.4393436,493009.5702,-7431.16222693,5331.48847302,705192.91489033,152139.2949436133,378879.2145672299,1361.91,664824.45404,1222026.1382099958,63487.16197807699,59035.41092309699,1910.7189997,497733.18296709994,-1039.64471511,122888.21353641001,58185.54217026999,23728.714627999998,7151.722145,71553.435639083,10418.983030876,36701.37341233701,47120.35644321301,24433.079195869992,297000.51635367
2022-10,187371.89031566,183517.18739351002,231279.65355067002,223807.84736932997,135163.248489953,99236.268188227,542921.556277,981280.98550325,2496.001373,67470.079972,-3854.7029221499997,21010.745107,512531.69,-4899.24875698,5151.743209,736339.53736933,159247.0054133333,355086.31984891,245.763,743592.016276,1279028.165043496,68274.33913151699,94337.019431247,2694.93486976,497479.6145506601,-4248.556552779999,133403.62752187002,50203.499913960004,45392.2892998,3561.4073854,94512.86080435499,10047.040420439002,41146.43023806599,51193.470658504986,43319.390145850004,310858.92610797
2022-11,173426.78943547,170609.67397543,219677.61155367,224801.19941233,136692.103907293,69361.191022797,542502.7553140001,928421.4855032499,2605.5921532,75703.11767500002,-2817.1154600400005,22404.528189,505941.0,-4069.24381126,4960.604412,730742.19941233,179821.0906408233,340103.09434906003,3094.246,670192.7915099999,1220663.029688356,60231.28531746701,65291.947211537,2982.20596652,530494.4318433,-5848.2067904000005,116078.4397562,52106.33825509,35413.61799259001,1863.395212,98019.077834642,15853.065323955,46946.978912757,62800.044236712,35219.03359793,318876.78400667
2022-12,169387.88862957,164581.5079265,209895.48004367002,131608.04848733,104605.80472558302,81304.28088451701,710475.6768720001,918121.5155032497,2556.4086763,127671.71344899999,-4806.380703070001,22067.804068999998,578639.9002,-5653.52648065,4675.913703,710247.94868733,166147.2448026133,335324.02865422,1520.492,481931.097571,1154613.8524839059,49765.192493127004,75650.754403867,7472.37039448,505271.99028711,-354.27251738999985,134468.11536532998,36305.96621933,37025.708796,26207.137585999997,99956.18677188898,19320.593853232003,42735.00283931699,62055.59669254899,37900.59007934,298858.34379967
2023-01,180799.5626305702,179370.3688212402,228171.7359810002,92544.556692,98355.27933909006,122884.81098467999,918394.44445166,974218.2497999998,2563.8123843999997,83741.71955573215,-1429.1938093299996,21431.645330333333,558949.52,-3792.5151885399996,5096.020501999999,651494.076692,146869.51403910998,368477.21677057,582.0847399999999,464649.24619,1322042.12435755,51069.08241628,119092.29579614001,4014.772707749999,656792.890153,-1111.0063802099976,124193.85847570995,46366.23780596002,24137.443926,16483.617823,119741.81586683,36515.25529629,45777.30495394001,82292.56025023002,37449.255616599985,362435.20391000004
2023-02,173825.8229340902,169726.5743793602,223390.63151570022,117086.019227,120776.33679700004,101899.77534907,549258.1455313351,886776.7797999999,2963.0750086000003,94011.0166216013,-4099.248554730008,19412.76014793333,460927.0002,-5748.340024519999,4818.905511000001,578013.019427,132138.10660839,377246.87782215996,1882.81,504953.716616,1303916.69052795,41427.69971265001,96151.43532455,1483.5018188900003,652203.44706494,8213.311979999997,111320.59979212005,41646.82770556002,35858.33593399999,13791.2683672,136052.71039189,57984.212043859996,44861.471656860005,102845.68370072,33207.02669117,339206.24758100003
2023-03,169535.9168618802,165770.30829057016,224679.50803680022,94104.388991,124378.14580742993,125750.49168407999,1055043.5241717265,984056.0097999998,2781.923045909999,93079.20312304597,1992.935052189987,17586.890667333326,552328.25,-9014.651389129996,5297.250336099999,646432.638991,138940.91715300002,401386.2698655399,2232.52,984212.074423,1553233.0009413,46882.36423885,116735.84029495,3330.3014245699997,674165.6730881,3375.406287740001,147025.11834697003,54616.23118982,33513.031061999995,5257.917969000001,151296.41426614003,59966.720370099996,56773.47652823,116740.19689833,34556.217367810015,388325.955791
2023-04,175039.4188034802,172741.1903374602,239373.01437740022,97525.325128,113004.32642471,128114.9304559,521634.9613181467,936616.6497999998,2494.9488433,98373.23117348652,-2298.2284660199994,16575.47393533333,547500.07,-3449.4002679799996,4727.3666324000005,645025.395128,116888.20337,399532.90252253995,840.88,466956.75036,1419209.8201077199,42191.70688222,124665.53018791998,4659.706948980001,626597.4648314,2462.2314243599994,138656.55867785003,56946.463423289984,28371.830864969994,2884.48934549,140279.26957712002,54152.6354698,55412.027222200006,109564.66269200001,30714.606885120003,328084.697266
2023-05,184664.2534676102,178764.7497018002,251989.03971686022,90619.592315,128390.16326105007,129106.62145435999,627963.8513878967,912944.5397999999,2651.118256200001,194688.52297789618,-5899.5037658100055,19015.09137263333,498881.0002,-1215.1122793600025,5429.2849403,589500.592515,138980.94441300002,420632.85390453,763.398,751640.750137,1567482.4807664598,51451.5518558,127891.50917499998,7775.0293842599995,673812.3646155399,2367.4283684,155408.36802706,70894.66754742996,43369.9230271,18116.728066,168112.05272599,65128.94358922,62848.40951866002,127977.35310788002,40134.69961810999,377436.70883980003
2023-06,181124.34102501016,178412.77625974017,246878.30801080022,89922.13351,118923.0798587499,115309.47780706002,582505.3288755313,840494.0097999999,2420.3622941000003,66667.91925044503,-2711.56476527,22658.90113833333,513168.9202,-4885.594438299998,4572.557762,603091.05371,150125.95843141,404867.86315692996,717.44,601750.839585,1542009.8652553398,42440.57725874,110423.88336876,5797.382398499999,735118.443595,9735.854191109998,146787.9082336399,51400.64201864998,40479.14425398,14008.958169999998,183440.65024230996,68148.5865012,57716.75573924999,125865.34224044999,57575.30800185998,305179.23144600005
2023-07,141034.65111493017,139080.35741202018,199934.3583818002,77594.237316,128466.99270954009,123120.54934673,674739.8528586881,851631.7797999999,2794.0732524,142373.88440242657,-1954.2937029099976,24604.127374933334,477103.00525,-4376.974321670001,4291.313243,554697.242566,130734.278257,444345.50752115,2119.998,696431.381413,1667432.63797611,50872.598216829996,118743.57502506001,14703.079393299999,628041.9494072,11897.715193900003,183003.34050691995,54522.88462272,33871.32244880001,41486.335083,123516.00767230002,31353.125740699998,52411.28868900002,83764.41442970002,39751.59324260001,317309.07689500006
2023-08,165910.37160223018,162654.9715591002,235360.59161900022,113446.081886,126365.30491782012,118271.99725525,819297.1954126687,886137.7797999999,3407.119332070001,58719.41085094723,-3255.40004313,19385.953013333336,579475.3010000001,-5859.095666029999,5586.214748,692921.3828860001,144135.036058,463122.70687611,605.76,742110.997763,1670716.98829867,42162.67422363,112412.90158922,5058.960515299999,701043.43543299,16093.265016629994,145432.41510182002,61826.13579814,48792.10914185001,17907.541124080002,165572.72603383998,67396.08513405999,54447.67401119998,121843.75914525997,43728.96688858,343218.29920600005
2023-09,174441.27898205016,171331.5823383802,238775.92316100022,80735.72532,117723.35288160999,96738.82111994,818581.6793356169,885214.0697999998,2278.6469804000003,87642.91540130798,-3109.6966436700004,24220.492139333335,554724.7,-8042.145053049997,5162.844841000001,635460.4253199999,139363.890549,453312.63569985004,853.47,456748.753204,1574721.88072733,38655.03982932,88696.67606689,3354.3303071200003,687164.3953515999,16823.282437100002,158954.59107489,43719.076986370004,48020.459151029994,13057.0403754,134586.95759589996,62476.666419,60133.57659196998,122610.24301096998,11976.714584929985,395615.76795400004
2023-10,166568.33765646018,162373.9071746602,238762.37732990022,84746.99631100001,130400.00615253008,96086.35663432999,663055.422204591,941309.0397999999,2103.7036055,112011.96298495097,-4194.430481799994,23406.280689333336,545796.167,-7149.66858623,5195.304884000001,630543.163311,158849.0371778,452186.4582232799,1289.19,566996.3142900001,1638523.27081264,41179.727668249994,88936.6880481,2571.736391799999,571398.1326946,938.6759937199968,164805.35646472996,54618.796040290006,40105.08762080001,4940.28664914,162918.98937555996,72655.5578098,55545.61962757999,128201.17743737999,34717.81193817999,395413.91408099997
2023-11,188783.7197608002,185273.18919749017,248940.6385470002,80051.62939500001,123237.80862865002,111832.24886846001,749853.2169019044,916333.3697999999,2774.412697,107571.38873981228,-3510.5305633100015,17578.32018533333,438825.01704999997,-5883.315002980004,5371.354214999999,518876.646445,151489.43489813,456068.0814149,1080.17,591729.92554,1502093.5185231399,50349.18532756,105948.93386548,2397.0440796300004,683119.93716389,15158.845492999995,137299.5098674101,43260.59040378,41392.083718800015,7771.0462968,161068.67392889998,56799.73601,58297.84089819001,115097.57690819,45971.097020709974,381363.4726022
2023-12,155222.7465601602,149884.9915042802,208678.18923428023,134815.72762999998,104459.61841938,100944.54321917999,389941.95958290144,888370.207012871,3027.6503879000006,51806.13435878733,-5337.755055880004,23300.249911333332,518736.755,-5549.603916929998,4337.330826,653552.4826300001,176944.15880082996,383822.1776471101,1012.45,507687.5311000001,1420700.1400406999,36988.03645441,95394.93930225,2349.5050367699996,734369.6034498,5002.851958749998,122946.57076824998,48750.78317017,39015.98977599999,18876.72612643,121423.93157471997,48499.36130224,50956.32682765998,99455.68812989998,21968.243444819993,332487.059724
